Top pages,Clicks,Impressions,CTR,Position
https://allyonomax.com/goa-spin,1002,3652,27.44%,4.01
https://allyonomax.com/,258,373,69.17%,1.44
https://allyonomax.com/mwm-bet,130,340,38.24%,4.11
https://allyonomax.com/club-inr,70,1010,6.93%,7.43
https://allyonomax.com/diwa-777,53,566,9.36%,8.09
https://allyonomax.com/all-yono-games,16,374,4.28%,3.01
https://allyonomax.com/yono-games,16,316,5.06%,3.06
https://allyonomax.com/789-jackpots,15,108,13.89%,8.56
https://allyonomax.com/101z,9,190,4.74%,3.2
https://allyonomax.com/uono-slots,7,64,10.94%,3.03
https://allyonomax.com/top-rummy,4,25,16%,14.04
https://allyonomax.com/567-slots,3,99,3.03%,11.02
https://allyonomax.com/svip-777,2,5,40%,49.2
https://allyonomax.com/ind-slots,1,177,0.56%,4.29
https://allyonomax.com/contact,1,8,12.5%,3.12
https://allyonomax.com/777-game,1,6,16.67%,11.17
https://allyonomax.com/good-slots,1,6,16.67%,16.67
https://allyonomax.com/share-slots,1,6,16.67%,39.5
https://allyonomax.com/yn-777,1,5,20%,46.2
https://allyonomax.com/hi-rummy,1,5,20%,50.2
https://allyonomax.com/boss-rummy,0,140,0%,5.76
https://allyonomax.com/love-rummy,0,103,0%,5.88
https://allyonomax.com/yono-rummy,0,36,0%,3.19
https://allyonomax.com/game-rummy,0,24,0%,4.17
https://allyonomax.com/jaiho-arcade,0,23,0%,9.57
https://allyonomax.com/inr-rummy,0,17,0%,7.06
https://allyonomax.com/joy-rummy,0,16,0%,15.06
https://allyonomax.com/spin-winner,0,15,0%,16.8
https://allyonomax.com/ind-club,0,12,0%,5.75
https://allyonomax.com/slots-winner,0,8,0%,5.12
https://allyonomax.com/mqm-bet,0,8,0%,9.12
https://allyonomax.com/gogo-rummy,0,8,0%,10.12
https://allyonomax.com/bingo-101,0,6,0%,24
https://allyonomax.com/rummy-ludo,0,5,0%,11.2
https://allyonomax.com/yono-777,0,5,0%,20.2
https://allyonomax.com/yono-arcade,0,5,0%,25.6
https://allyonomax.com/yes-spin,0,5,0%,26.6
https://allyonomax.com/spin-gold,0,5,0%,29.6
https://allyonomax.com/jaiho-win,0,5,0%,30.6
https://allyonomax.com/mbm-bet,0,5,0%,31.6
https://allyonomax.com/yono-vip,0,5,0%,32.6
https://allyonomax.com/abc-rummy,0,5,0%,33.8
https://allyonomax.com/rumble-rummy,0,5,0%,34.8
https://allyonomax.com/ind-rummy,0,5,0%,35.8
https://allyonomax.com/spin-777,0,5,0%,36.8
https://allyonomax.com/jaiho-777,0,5,0%,38.8
https://allyonomax.com/bet-213,0,5,0%,39.8
https://allyonomax.com/ok-rummy,0,5,0%,40.8
https://allyonomax.com/jaiho-slots,0,5,0%,42.2
https://allyonomax.com/rummy-91,0,5,0%,43.2
https://allyonomax.com/diwa-slot,0,3,0%,51.33
https://allyonomax.com/ever-777,0,1,0%,22
https://allyonomax.com/diwa-vip,0,1,0%,27
https://allyonomax.com/jaiho-91,0,1,0%,36