Top queries,Clicks,Impressions,CTR,Position
goa spin,562,1471,38.21%,3.12
goa spin apk,50,397,12.59%,3.21
club inr apk,45,622,7.23%,8.18
all yono max,41,53,77.36%,1
goa spin download,32,48,66.67%,1.42
goa spin game,31,91,34.07%,2.53
rummy 92,26,90,28.89%,3.11
mwm apk,25,79,31.65%,2.05
goa rummy,23,73,31.51%,5.64
goa spin apk download,20,63,31.75%,2.97
mwm bet apk,18,29,62.07%,2.79
diwa777apk,17,88,19.32%,5.03
mwm bet apk download,16,22,72.73%,2.09
goaspin,15,83,18.07%,3.94
mwm bet all apk,14,21,66.67%,2.29
yono max,14,18,77.78%,1.11
yono rummy goa spin,10,37,27.03%,5.78
mwm bet,10,19,52.63%,3.26
goa spin app,9,141,6.38%,2.4
goa sipn,9,15,60%,3.8
mwm apk download,8,16,50%,2.94
789 jackpots 10m+ upto 50 min withdrawal 100,7,38,18.42%,10.03
site:allyonomax.com,7,23,30.43%,1.04
diwa 777,6,129,4.65%,8.78
svip777,6,18,33.33%,14.89
goa spin game download,6,15,40%,3.67
goa spine game,6,10,60%,2.1
mwm yono,6,10,60%,2.4
goa spin rummy,5,53,9.43%,5.77
all yono games goa spin,5,41,12.2%,3.95
yono goa spin,5,17,29.41%,6.24
goa spin yono,4,42,9.52%,6.24
top rummy all,4,16,25%,7
mwm bet yono,4,8,50%,2.38
mwm bat,4,7,57.14%,3.86
mwmbet,3,26,11.54%,7.46
goa yono,3,13,23.08%,5.31
uono slot,3,7,42.86%,2
mwm bet download,3,4,75%,1.5
dewa 777 apk download 2022,3,3,100%,19.33
club inr app,2,14,14.29%,7
goa spin yono game,2,12,16.67%,5.75
goa spin.com,2,10,20%,3.8
yono game goa spin,2,9,22.22%,6
mwm bet app download,2,8,25%,3.62
gao spin apk,2,8,25%,4.12
mwm bet app,2,7,28.57%,4
goa spin yono apk,2,7,28.57%,5.29
goa spin rummy game,2,4,50%,6
mwmbet apk,2,3,66.67%,2.67
yono777app,2,3,66.67%,9
all yono box apk,1,22,4.55%,3.5
diaw 777,1,20,5%,7.5
goaspin apk,1,19,5.26%,2.74
goa spin games,1,14,7.14%,4.14
goa spin app download,1,12,8.33%,2.42
diwa 777 game download,1,8,12.5%,8.25
goa spin yono games,1,6,16.67%,3.33
yono 777 goa spin app download,1,5,20%,3.8
goa spin download apk,1,4,25%,4.25
goa rummy game,1,4,25%,5.25
spin goa,1,3,33.33%,4.33
goa game yono,1,3,33.33%,5.67
mwm bet game,1,3,33.33%,6.33
yn777app,1,3,33.33%,6.67
goa yono game,1,3,33.33%,7.33
diwe 777,1,3,33.33%,9.67
spinapk,1,3,33.33%,10.33
rummyskill,1,3,33.33%,12.33
yono rummy app list ₹ 75 bonus fast cashouts,1,3,33.33%,21.33
uono slots,1,2,50%,1.5
yono 92,1,2,50%,2
goa spin yono game download,1,2,50%,4
diva slot yono,1,2,50%,6
yono 777 goa spin free download apk,1,2,50%,10
yono 777 goa spin app download latest version,1,1,100%,3
mwm apk new,1,1,100%,4
goa slots yono,1,1,100%,6
goa spin yono rummy,1,1,100%,6
yono goa,1,1,100%,7
clubinrapk,1,1,100%,8
yono games mwm bet,1,1,100%,9
diwa 777 yono game download apk mod,1,1,100%,15
mqm bet 2 apk download,1,1,100%,27
mqm bet login mobile,1,1,100%,28
good slots 2 apk download,1,1,100%,29
club inr all,0,18,0%,7.17
diwa 777 game,0,17,0%,10.59
diwa777 login,0,11,0%,7.36
yono slots 93,0,11,0%,7.73
goa spln,0,10,0%,3.2
diwa777 vip,0,10,0%,8.8
yono 777 goa spin free,0,10,0%,9
yono games goa spin,0,9,0%,5.22
goaspin.com,0,8,0%,4.12
svip777.com,0,7,0%,6.57
yono rummy goa spin download,0,6,0%,5.5
dlwa 777,0,6,0%,9
101zapp,0,5,0%,7.8
diya 777,0,5,0%,9.2
yonomax,0,4,0%,2.75
goa sipin,0,4,0%,3.5
yono games goa spin download,0,4,0%,4.75
diwaslot,0,4,0%,16.75
all yono game goa spin,0,3,0%,3.33
goa spon,0,3,0%,3.33
yono spin 777 withdrawal limit,0,3,0%,5
goarummy,0,3,0%,5.33
all yono games goa spin download,0,3,0%,6.33
diwa all app,0,3,0%,7.33
diwa vip 777,0,3,0%,7.33
diwa 777 apk download 2022 latest version,0,3,0%,8
svip 777 bet,0,3,0%,9.33
yono 777 goa spin free apk,0,3,0%,9.33
diwaspin,0,3,0%,17.67
rami 92,0,2,0%,2
yono 777 goa spin,0,2,0%,4.5
yono 777 goa spin free 2022,0,2,0%,5.5
divya 777 apk download 2022,0,2,0%,6
diwal 777,0,2,0%,6.5
svip777app,0,2,0%,6.5
svip777.bet,0,2,0%,8
goa rammy,0,2,0%,8.5
goa spin .com,0,2,0%,8.5
all yono club inr,0,2,0%,9
diwaslot app,0,2,0%,9
diwa 77 apk,0,2,0%,9.5
all yono games club inr,0,2,0%,10
diwa slots apk,0,2,0%,10
goa rummy apk,0,2,0%,10
svip 777,0,2,0%,14.5
mqm bet app login apk,0,2,0%,16.5
diwa777.vip,0,1,0%,1
goa spin game apk,0,1,0%,1
rummy 94,0,1,0%,1
mwm bet mwm bet apk,0,1,0%,2
goa speen,0,1,0%,3
goa spin appk,0,1,0%,3
duwa 777,0,1,0%,4
rammy 92,0,1,0%,4
goa spin yono games apk,0,1,0%,5
slots spin signup bonus ₹38 min. withdraw ₹100 download,0,1,0%,5
yono rummy goa,0,1,0%,5
culb inr apk,0,1,0%,6
goa slots apk,0,1,0%,6
mbmbetapp.com,0,1,0%,6
yono rummy goa spin apk,0,1,0%,6
bet213app,0,1,0%,7
diwa 777 vip,0,1,0%,7
dwa 777,0,1,0%,7
goa soin,0,1,0%,7
yono diwa 777,0,1,0%,7
dewa slots 777 yono,0,1,0%,8
diwa 777 com,0,1,0%,8
diwa 777 download,0,1,0%,8
diwa 7777,0,1,0%,8
mwm bet telegram channel,0,1,0%,8
www.bet213app.com,0,1,0%,8
yono games diwa777,0,1,0%,8
clubinrvip,0,1,0%,9
diwa 777 slot,0,1,0%,9
diwa 777apk,0,1,0%,9
diwa yono app,0,1,0%,9
diwa777 game,0,1,0%,9
yono mwm,0,1,0%,9
all top rummy,0,1,0%,10
dava 777,0,1,0%,10
diwa slots new version,0,1,0%,10
diwa777 game download,0,1,0%,10
diwa777.com,0,1,0%,10
diya777 777 apk download,0,1,0%,10
goa rummy apk download,0,1,0%,10
indslotsapp.com,0,1,0%,10
svip 777 download apk,0,1,0%,10
svip777 bet,0,1,0%,10
joyrummy.29,0,1,0%,11
v5 diwa 777 vip,0,1,0%,11
diwa 777 .com,0,1,0%,14
diwa 777 yono game download apk mod latest version 2022,0,1,0%,14
diwa pay invite code,0,1,0%,14
diwa slots yono,0,1,0%,16
svip 777 app download,0,1,0%,16
svip777.apk,0,1,0%,17
goa slots download,0,1,0%,18
diwa777,0,1,0%,20
club lnr,0,1,0%,22
mqm bet apk download,0,1,0%,29